Portfolio,Adj_R2,SP500_beta,SP500_t,SP500_p,FTSE_EM_beta,FTSE_EM_t,FTSE_EM_p,CHINA50_beta,CHINA50_t,CHINA50_p,NIKKEI_beta,NIKKEI_t,NIKKEI_p,Significant_Futures
MSCI World,0.9689261457383507,0.7417491453999319,28.028424432802915,6.240292209805421e-62,0.1510922638557925,4.643127343828043,7.368760572718088e-06,-0.041696764704582584,-1.6843302959219784,0.09417018196748227,0.1517283992169215,5.737153726747909,5.048449951357117e-08,"SP500, FTSE_EM, NIKKEI"
MSCI EM,0.9096206500446411,0.13601280148783915,3.160797081421098,0.0018992849043231723,0.6265299504561994,11.840918779866554,2.4793831409584116e-23,0.20341275002680553,5.053337115533766,1.230969599146162e-06,0.024197199992201813,0.5626909418322061,0.5744743296587801,"SP500, FTSE_EM, CHINA50"
MSCI Europe,0.7367964432557293,0.2999476072930369,3.531565841555334,0.000547193502418685,0.3930982591149062,3.764001275480477,0.000238355711926208,-0.10679984884546251,-1.3442369046961287,0.1808746047745703,0.4408445303412805,5.193921036130804,6.517832812275186e-07,"SP500, FTSE_EM, NIKKEI"
MSCI Pacific,0.7491367251379826,0.11940888746964197,1.6889270904781695,0.0932837566786021,0.3470683489870201,3.9922340590716248,0.00010157735748471028,-0.10703739981584565,-1.6184268357601646,0.10764382336633993,0.5239339800033762,7.415471939495829,7.920387829920271e-12,"FTSE_EM, NIKKEI"
